PubmedID,Title,Publication Date,Non-academic Author(s),Company Affiliation(s),Corresponding Author Email
40079596,Integrated multi-omics to elucidate the interplay between rumen microorganisms and host metabolism in Hu sheep supplemented with herbal preparations.,2025 Mar 13,,,N/A
40078755,"A global survey about undiagnosed rare diseases: perspectives, challenges, and solutions.",2025,,,N/A
40077815,Surgical Management of Postcholecystectomy Strasberg Type E4 Bile Duct Injuries.,2025 Mar 12,,,N/A
40077582,"Optimizing Commercial-Scale Storage for Chinese Cabbage (Brassica rapa L. ssp. Pekinensis): Integrating Morphological Classification, Respiratory Heat Effects, and Computational Fluid Dynamics for Enhanced Cooling Efficiency.",2025 Mar 4,,,N/A
40076007,"Semen Quality, Testicular Cell Apoptosis, and Transcriptome Analysis Following Mild Scrotal Heat Stress in Wugu-Hu Crossbred and Hu Rams.",2025 Mar 3,,,N/A
40075840,Review Article: Diagnostic Paradigm Shift in Spine Surgery.,2025 Feb 28,,,N/A
40074438,Establishing a CRISPR/Cas9 genome editing framework in pigeonpea (Cajanus cajan L.) by targeting phytoene desaturase (PDS) gene disruption.,2025 Mar,,,N/A
40069299,A large-scale benchmark for network inference from single-cell perturbation data.,2025 Mar 11,,,N/A
40066400,Fibrous Dysplasia of Sphenoid: A Case Report.,2025 Jan,,,N/A
40065862,Evaluating the Link Between Preoperative Comorbidities and the Risk of Venous Thromboembolism in Patients Undergoing Urological Surgery.,2025 Feb,,,N/A
